{
  "train_loss": [
    0.0787217199345074,
    0.048973246539473686,
    0.043860740881041645,
    0.04218425775123069,
    0.04002942032087833,
    0.03904946670269646,
    0.03836446243357342,
    0.037510957462889384,
    0.037013356238627414,
    0.036786997571701896
  ],
  "train_accuracy": [
    0.9704092099363131,
    0.9804457070853108,
    0.9820398455565433,
    0.9825548475529736,
    0.9832626525650957,
    0.9836093049334853,
    0.9837821797044006,
    0.9840956697118695,
    0.9843094744551363,
    0.9843563113354009
  ],
  "train_precision": [
    0.9698543629072355,
    0.9805323620392765,
    0.982244051398797,
    0.9829869940972193,
    0.9836230803048577,
    0.9838028415888722,
    0.9837118200715554,
    0.9841774951337192,
    0.9843338163090788,
    0.9844512665999465
  ],
  "train_recall": [
    0.9775793185749455,
    0.9846537277460377,
    0.9857687578468401,
    0.9859321220366749,
    0.9865570300958119,
    0.986999672485696,
    0.987407763678536,
    0.9874936455564322,
    0.9877194416078581,
    0.9876827291189885
  ],
  "train_f1": [
    0.9737015193104724,
    0.9825887232522341,
    0.9840032482522181,
    0.9844573553917564,
    0.985087870612913,
    0.985398664253961,
    0.9855563268394237,
    0.9858327816311266,
    0.9860237227340503,
    0.9860643503846929
  ],
  "train_iou": [
    0.9487508143403688,
    0.9657733757317445,
    0.9685102305292547,
    0.9693904639243595,
    0.9706139498084576,
    0.9712175901378989,
    0.97152395240324,
    0.972061375851491,
    0.9724327332319159,
    0.9725117671509145
  ],
  "val_loss": [
    0.13605039752270603,
    0.11667633962000278,
    0.12421750412815329,
    0.1131030200668818,
    0.10609279007629012,
    0.10039758766417957,
    0.12436549759942216,
    0.10301640803375602,
    0.10510547373370074,
    0.10734320363143084
  ],
  "val_accuracy": [
    0.9382561036925758,
    0.9473379887891579,
    0.9408046850474523,
    0.9468392565151161,
    0.9496099821669508,
    0.9545690372682004,
    0.9425478975472242,
    0.9523953282973585,
    0.9529230530218282,
    0.9503457070143485
  ],
  "val_precision": [
    0.953710130289184,
    0.9597948695825671,
    0.976212813904244,
    0.9684449637147874,
    0.9738642134489278,
    0.9627974845136543,
    0.9831523799768237,
    0.9613399716000534,
    0.9792799349982214,
    0.9729645304443095
  ],
  "val_recall": [
    0.9542543338590238,
    0.961767153837425,
    0.9345090583192261,
    0.9517467360485519,
    0.950372344819015,
    0.9697315581822069,
    0.9302788012403517,
    0.9679457234188564,
    0.9499054451811316,
    0.9524288523041223
  ],
  "val_f1": [
    0.9539821544632441,
    0.960779999537312,
    0.9549058193165653,
    0.9600232449414369,
    0.9619748799533057,
    0.9662520813336853,
    0.9559850664706295,
    0.9646315386718877,
    0.9643690566688349,
    0.9625871776300492
  ],
  "val_iou": [
    0.9120132687351193,
    0.92452031245506,
    0.9137031254849286,
    0.9231199065476959,
    0.9267356457713013,
    0.9347076437941383,
    0.9156814100722206,
    0.93167946938862,
    0.9311898827268406,
    0.9278728360336208
  ]
}