{
  "band_names": [
    "B02",
    "B03",
    "B04",
    "B08",
    "B11",
    "B12"
  ],
  "train_patch_count": 2875,
  "mean": [
    0.2493611804774813,
    0.25859338152441647,
    0.27317521298690656,
    0.3167107656813761,
    0.12910956925737016,
    0.11102348618212346
  ],
  "std": [
    0.2314056433169252,
    0.2267073016851248,
    0.2290907237754372,
    0.21654451155629534,
    0.056776011199149906,
    0.046068137903428785
  ],
  "pixel_counts": [
    173160291,
    173160291,
    173160291,
    173160291,
    173160291,
    173160291
  ]
}
